Date,Company,Role,Experience,Location,Questions Answered
2026-05-22 00:39:08,Credable,Fullstack Developer,3-7 Yrs,"Pune, Noida",6
2026-05-22 00:40:15,Hiring Squad,"Senior MERN stack Fullstack Developer | BIG4 | Bangalore, Pune",1-6 Yrs,"Bengaluru, Pune",5
2026-05-22 00:41:42,Vinculum Solutions,AI + Full Stack Developer,0-3 Yrs,Bengaluru,2
2026-05-22 00:48:04,Credable,Fullstack Developer,3-7 Yrs,"Pune, Noida",6
2026-05-22 00:49:12,Hiring Squad,"Senior MERN stack Fullstack Developer | BIG4 | Bangalore, Pune",1-6 Yrs,"Bengaluru, Pune",5
2026-05-22 00:54:12,Credable,Fullstack Developer,3-7 Yrs,"Pune, Noida",1
2026-05-22 00:57:51,Credable,Fullstack Developer,3-7 Yrs,"Pune, Noida",2
2026-05-22 00:59:16,Hiring Squad,"Senior MERN stack Fullstack Developer | BIG4 | Bangalore, Pune",1-6 Yrs,"Bengaluru, Pune",5
2026-05-22 01:04:35,Hiring Squad,"Senior MERN stack Fullstack Developer | BIG4 | Bangalore, Pune",1-6 Yrs,"Bengaluru, Pune",0
2026-05-22 01:36:38,Hiring Squad,"Senior MERN stack Fullstack Developer | BIG4 | Bangalore, Pune",1-6 Yrs,"Bengaluru, Pune",0
2026-05-22 12:36:42,WNS Holdings,Data science,3-5 Yrs,"Bengaluru, Delhi / NCR",1
2026-05-22 12:37:33,Leading Client,AI product Analyst,1-3 Yrs,Chennai,1
2026-05-22 13:12:24,CGI,AI Digital Skills Specialist,3-8 Yrs,Bengaluru,0
2026-05-22 13:13:02,Leading Startup,ML Developer,1-4 Yrs,Bengaluru,3
2026-05-22 13:14:04,Hiring Squad,"Senior MERN stack Fullstack Developer | BIG4 | Bangalore, Pune",1-6 Yrs,"Bengaluru, Pune",5
2026-05-22 13:15:31,Nielseniq India,Software Engineer,3-5 Yrs,Hybrid - Chennai,3
2026-05-22 13:18:35,Webvio Technologies,Python Developer,2-5 Yrs,Kolkata,2
2026-05-22 13:20:48,Innodata India,"SDET - Javascript, Docker, Git",3-7 Yrs,Remote,5
2026-05-22 13:21:26,Detect Technologies,Software Engineer ( SE 2 Frontend Developer),2-7 Yrs,Chennai,1
2026-05-22 13:26:46,Datazymes Analytics,Ai Ml Engineer,3-5 Yrs,Bengaluru,0
2026-05-22 13:27:01,Ushta Te Consultancy Services LLP,Software Development Engineer,2-4 Yrs,Chennai,0
2026-05-22 13:28:17,Morae Services,Fullstack Developer,2-5 Yrs,Hybrid - Bengaluru,2
2026-05-22 13:28:33,Inventonus,AI Security Engineer,2-6 Yrs,Pune,0
2026-05-22 13:29:38,Quantiphi Analytics Solutions,Machine Learning Engineer,2-7 Yrs,Mumbai,1
2026-05-22 13:32:04,Clover Infotech,AI Ml Engineer,3-8 Yrs,"Mumbai, Navi Mumbai, Mumbai (All Areas)",0
2026-05-22 13:32:46,Excelsoft Technologies,Software Engineer (BFF + DevOps),3-6 Yrs,"Bengaluru, Noida, Mysuru",3
2026-05-22 13:32:56,Paktolus Solutions,Artificial Intelligence Engineer,3-6 Yrs,Remote,0
2026-05-22 13:59:04,Info Edge,Hiring Python SDET Engineer - GEN AI - Info Edge - Bangalore,2-3 Yrs,Bengaluru,1
2026-05-22 23:04:04,Bhyve,Backend Software Engineer,1-3 Yrs,Remote,0
2026-05-22 23:04:14,KLA,Software Engineer (Python / C#),2-5 Yrs,Chennai,0
2026-05-22 23:04:24,Bombay Softwares,SDE 2 Python/Django Developer,3-8 Yrs,Mumbai,0
2026-05-22 23:04:44,FIN Infocom,Fullstack Developer,1-5 Yrs,Hyderabad(Nagole),1
2026-05-22 23:06:03,Onder Shipthis Technologies,Junior Software Engineer,1-6 Yrs,Bengaluru,1
2026-05-22 23:06:49,Japfa Comfeed,Fullstack Web Developer,1-3 Yrs,Pune(Viman Nagar),1
2026-05-22 23:08:21,Japfa Comfeed,Fullstack Web Developer,1-3 Yrs,Pune(Viman Nagar),1
2026-05-22 23:08:59,Happiest Minds Technologies,AI ENGINEER - Python,1-6 Yrs,Bengaluru,1
2026-05-23 09:57:24,ITC Infotech,Python developer (3 To 5 years) : Immediate joiners @Kolkata,3-5 Yrs,Kolkata,2
2026-05-23 09:57:33,Wabtec,Software Engineer,1-6 Yrs,Bengaluru,0
2026-05-23 09:57:43,Quantum Phinance,Python Developer,1-3 Yrs,Mumbai,0
2026-05-23 09:59:13,TYASuite Software Solutions Pvt Ltd.,Urgent Hiring Sr. Python Backend/AI Engineer (3 To 4 Years Exp),3-4 Yrs,Bengaluru(5th block Koramangala),6
2026-05-23 09:59:22,Ample Softech System,Full Stack Developer Python React.js Node.js,0-5 Yrs,"Pune, Bhubaneswar, Nagpur",0
2026-05-23 09:59:32,Alyssum Global Services,Full Stack Developer,3-5 Yrs,Remote,0
2026-05-23 09:59:41,Japfa Comfeed,Fullstack Web Developer,1-3 Yrs,Pune(Viman Nagar),0
2026-05-23 09:59:51,Nasugroup,Python Developer,2-5 Yrs,Bengaluru,0
2026-05-23 10:00:30,Gozo,Frontend Developer,2-5 Yrs,"Bengaluru, Mumbai, Delhi / NCR",0
2026-05-23 10:00:44,CN Solutions,Full stack Developer,2-4 Yrs,Bengaluru,0
2026-05-23 10:00:54,Probo,Frontend Developer,1-5 Yrs,Remote,0
2026-05-23 10:05:49,SP Software,Python Software Developer,3-5 Yrs,Bengaluru,0
2026-05-23 10:05:59,Leading Client,Python Developer,2-5 Yrs,Kolkata,0
2026-05-23 10:06:09,Leading Client,Backend developer - Software Development Engineer,2-7 Yrs,Mumbai,0
2026-05-23 10:09:27,Drishti Ferry,Computer Vision Engineer,2-7 Yrs,Mumbai,1
2026-05-23 10:09:48,Premier Solar Systems,Java Full Stack Developer/ Mern full stack developer,2-3 Yrs,Hyderabad,1
2026-05-23 10:10:08,Bluescope,Java Developer,1-4 Yrs,Chennai,1
2026-05-23 10:10:18,Razorthink,Node Developer,2-5 Yrs,"Bengaluru, Hyderabad, Delhi / NCR",0
2026-05-23 10:10:51,Citiustech,Gen AI Developer,3-8 Yrs,"Pune, Chennai, Mumbai",0
2026-05-23 10:11:28,Quantiphi Analytics Solutions,Machine Learning Engineer,2-7 Yrs,Bengaluru,1
2026-05-23 10:11:38,Cambium Networks,MEAN Stack Developer,2-6 Yrs,Bengaluru,0
2026-05-23 10:12:15,Optiva Solutions,Software Developer (Python),3-9 Yrs,Hyderabad,1
2026-05-23 10:12:25,Turing Global India,AI Engineer,3-8 Yrs,Remote,0
2026-05-23 11:00:28,Bhyve,Backend Software Engineer,1-3 Yrs,Remote,0
2026-06-23 14:12:22,Tech Mahindra Foundation,"Software Developer, Delhi / Mumbai, The Ability Network",3-5 Yrs,"Mumbai, New Delhi",0
2026-06-23 14:12:41,Innowave 360 Consulting Pvt Ltd,UI Developer,2-7 Yrs,"Bengaluru, Chennai",0
2026-06-23 14:17:27,Synoris Information System Pvt Ltd,Ai Ml Engineer,2-7 Yrs,"Hybrid - Pune, Ahmedabad",0
2026-06-23 14:17:37,Siemens,AI Agent development SW Engineer,1-5 Yrs,Bengaluru,0
2026-06-23 14:17:47,darahaas global,Agentic AI Developer,3-6 Yrs,"Bangalore/Bengaluru, Hyderabad",0
2026-06-23 14:24:46,Wishup Technology Pvt Ltd,Artificial Intelligence Developer,3-8 Yrs,Bengaluru,3
2026-06-23 14:25:45,Tims Learning Solutions,AI ML Developer,3-6 Yrs,Bengaluru,3
2026-06-23 14:28:24,Hinduja Global Solutions (HGS),AI/ Ml Engineer,1-4 Yrs,"Hybrid - Hyderabad, Indore",0
2026-06-23 14:28:34,EY,AI Engineer-Senior,2-5 Yrs,Bengaluru,0
2026-06-23 14:34:39,Fluid AI,Python Fullstack Agentic AI Engineer - Mumbai Onsite,2-5 Yrs,Mumbai(Bandra Kurla Complex +1),1
2026-06-23 14:49:04,Unico Talent,Ai Ml Engineer,2-6 Yrs,Bengaluru,1
2026-06-23 14:49:31,Aarvi Encon,Artificial Intelligence Developer,3-5 Yrs,Remote,1
2026-06-23 15:07:02,ti Steps,Machine Learning Engineer,0-2 Yrs,"Bengaluru, Chennai, Hyderabad",0
2026-06-23 15:07:39,Aidaptive,Machine Learning Engineer,2-5 Yrs,"Bengaluru, Pune, Kolkata, Chennai, Hyderabad, Mumbai, New Delhi",1
2026-06-23 15:08:16,Roku,"Senior Software Engineer, Machine Learning",0-7 Yrs,Bengaluru,1
